Timestamp,Rank,Name,Symbol,Price (USD),24h Change (%),Market Cap
2026-10-04 10:54:53,,CoinMarketCap 20 Index DTF,CMC20,175.78,0.42,$6.28M
2026-10-04 10:54:53,1,Bitcoin,BTC,84828.66,0.3,$1.7T
2026-10-04 10:54:53,2,Ethereum,ETH,2693.41,0.64,$328.83B
2026-10-04 10:54:53,3,Tether,USDT,0.9998,0.0,$184.05B
2026-10-04 10:54:53,4,BNB,BNB,785.75,2.44,$104.63B
2026-10-04 10:54:53,5,XRP,XRP,1.49,0.32,$94.09B
2026-10-04 10:54:53,6,USDC,USDC,0.9999,0.0,$74.07B
2026-10-04 10:54:53,7,Solana,SOL,120.71,1.29,$70.99B
2026-10-04 10:54:53,8,TRON,TRX,0.3354,0.25,$31.85B
2026-10-04 10:54:53,9,Hyperliquid,HYPE,89.75,1.86,$22.52B
2026-10-04 10:57:56,,CoinMarketCap 20 Index DTF,CMC20,175.68,0.42,$6.28M
2026-10-04 10:57:56,1,Bitcoin,BTC,84847.58,0.29,$1.7T
2026-10-04 10:57:56,2,Ethereum,ETH,2694.75,0.68,$328.87B
2026-10-04 10:57:56,3,Tether,USDT,0.9998,0.01,$184.05B
2026-10-04 10:57:56,4,BNB,BNB,786.38,2.5,$104.71B
2026-10-04 10:57:56,5,XRP,XRP,1.49,0.19,$94.05B
2026-10-04 10:57:56,6,USDC,USDC,0.9999,0.0,$74.08B
2026-10-04 10:57:56,7,Solana,SOL,120.68,1.17,$70.98B
2026-10-04 10:57:56,8,TRON,TRX,0.3354,0.21,$31.85B
2026-10-04 10:57:56,9,Hyperliquid,HYPE,89.71,1.75,$22.51B
